{
    "materials":[{
        "visible":true,
        "transparent":false,
        "depthWrite":true,
        "colorDiffuse":[0.64,0.64,0.64],
        "specularCoef":50,
        "shading":"phong",
        "opacity":1,
        "colorSpecular":[0.5,0.5,0.5],
        "DbgIndex":0,
        "DbgColor":15658734,
        "blending":"NormalBlending",
        "wireframe":false,
        "depthTest":true,
        "DbgName":"Material",
        "colorEmissive":[0,0,0]
    }],
    "uvs":[],
    "metadata":{
        "version":3,
        "type":"Geometry",
        "materials":1,
        "normals":13,
        "uvs":0,
        "vertices":14,
        "generator":"io_three",
        "faces":13
    },
    "vertices":[1,-1,0,1,1,-0,-1,1,-0,-1,-1,0,1,-0.05,-1,0.999999,0.050001,-1,-1,0.05,-1,-1,-0.05,-1,1,-0.05,-1.06042,0.999999,0.050001,-1.06042,-1,-0.05,-1.06042,-1,0.05,-1.06042,1,1e-06,-1.0936,-1,-0,-1.0936],
    "name":"CubeGeometry.1",
    "normals":[0,0,1,-1,-4e-06,-0,1,1e-06,-0,-0,0.724999,-0.688749,-1,-0,0,0,-0.724999,-0.68875,-1,-4e-06,-1e-06,0,-1,-0,-0,1,-0,1,1.1e-05,-0,0,-0.552994,-0.833185,-0,0.552994,-0.833185,1,1.1e-05,-1e-06],
    "faces":[35,0,1,2,3,0,0,0,0,0,35,7,6,11,10,0,1,1,1,1,35,0,4,5,1,0,2,2,2,2,35,1,5,6,2,0,3,3,3,3,35,2,6,7,3,0,4,4,4,4,35,4,0,3,7,0,5,5,5,5,34,10,11,13,0,6,6,6,35,4,7,10,8,0,7,7,7,7,35,6,5,9,11,0,8,8,8,8,35,5,4,8,9,0,9,9,9,9,35,8,10,13,12,0,10,10,10,10,35,11,9,12,13,0,11,11,11,11,34,9,8,12,0,12,12,12]
}